{
  "version": "1.1.1",
  "windows": {
    "main": {
      "main": true,
      "url": "app://editor/index.html",
      "windowType": "dockable",
      "x": 0,
      "y": 23,
      "width": 1280,
      "height": 906,
      "layout": {
        "children": [
          {
            "active": 0,
            "children": [
              "hierarchy"
            ],
            "height": 825,
            "type": "panel",
            "width": 204
          },
          {
            "active": 0,
            "children": [
              "assets"
            ],
            "height": 825,
            "type": "panel",
            "width": 204
          },
          {
            "active": 0,
            "children": [
              "scene"
            ],
            "height": 825,
            "type": "panel",
            "width": 359
          },
          {
            "children": [
              {
                "active": 0,
                "children": [
                  "inspector",
                  "cocos-services"
                ],
                "height": 556,
                "type": "panel",
                "width": 504
              },
              {
                "active": 0,
                "children": [
                  "console",
                  "timeline",
                  "game-window"
                ],
                "height": 266,
                "type": "panel",
                "width": 504
              }
            ],
            "height": 825,
            "type": "dock-v",
            "width": 504
          }
        ],
        "type": "dock-h"
      },
      "panels": [
        "hierarchy",
        "assets",
        "scene",
        "inspector",
        "cocos-services",
        "console",
        "timeline",
        "game-window"
      ]
    },
    "worker": {}
  },
  "panels": {
    "node-library": {
      "x": 490,
      "y": 137,
      "width": 300,
      "height": 502
    },
    "project-settings": {
      "x": 360,
      "y": 127,
      "width": 584,
      "height": 548
    },
    "sprite-editor": {
      "x": 390,
      "y": 127,
      "width": 500,
      "height": 522
    }
  },
  "panelLabelWidth": {
    "project-settings": null,
    "inspector": null
  },
  "panelLabelWidth.project-settings": null,
  "panelLabelWidth.inspector": null
}
