[
  {
    "__type__": "cc.Prefab",
    "_name": "3d-particle",
    "_objFlags": 0,
    "_native": "",
    "data": {
      "__id__": 1
    },
    "optimizationPolicy": 0,
    "asyncLoadAssets": false,
    "readonly": false
  },
  {
    "__type__": "cc.Node",
    "_name": "ParticleSystem3D",
    "_objFlags": 0,
    "_parent": null,
    "_children": [],
    "_active": true,
    "_components": [
      {
        "__id__": 2
      }
    ],
    "_prefab": {
      "__id__": 154
    },
    "_opacity": 255,
    "_color": {
      "__type__": "cc.Color",
      "r": 255,
      "g": 255,
      "b": 255,
      "a": 255
    },
    "_contentSize": {
      "__type__": "cc.Size",
      "width": 0,
      "height": 0
    },
    "_anchorPoint": {
      "__type__": "cc.Vec2",
      "x": 0.5,
      "y": 0.5
    },
    "_trs": {
      "__type__": "TypedArray",
      "ctor": "Float64Array",
      "array": [
        0,
        0,
        0,
        0,
        0,
        0,
        1,
        1,
        1,
        1
      ]
    },
    "_eulerAngles": {
      "__type__": "cc.Vec3",
      "x": 0,
      "y": 0,
      "z": 0
    },
    "_skewX": 0,
    "_skewY": 0,
    "_is3DNode": true,
    "_groupIndex": 0,
    "groupIndex": 0,
    "_id": ""
  },
  {
    "__type__": "cc.ParticleSystem3D",
    "_name": "",
    "_objFlags": 0,
    "node": {
      "__id__": 1
    },
    "_enabled": true,
    "_materials": [
      {
        "__uuid__": "432fa09c-cf03-4cff-a186-982604408a07"
      }
    ],
    "duration": 5,
    "_capacity": 100,
    "loop": true,
    "playOnAwake": true,
    "_prewarm": false,
    "_simulationSpace": 1,
    "simulationSpeed": 1,
    "startDelay": {
      "__id__": 3
    },
    "startLifetime": {
      "__id__": 9
    },
    "startColor": {
      "__id__": 13
    },
    "scaleSpace": 1,
    "startSize": {
      "__id__": 17
    },
    "startSpeed": {
      "__id__": 21
    },
    "startRotation": {
      "__id__": 25
    },
    "gravityModifier": {
      "__id__": 29
    },
    "rateOverTime": {
      "__id__": 33
    },
    "rateOverDistance": {
      "__id__": 37
    },
    "bursts": [],
    "shapeModule": {
      "__id__": 41
    },
    "colorOverLifetimeModule": {
      "__id__": 46
    },
    "sizeOvertimeModule": {
      "__id__": 51
    },
    "velocityOvertimeModule": {
      "__id__": 68
    },
    "forceOvertimeModule": {
      "__id__": 85
    },
    "limitVelocityOvertimeModule": {
      "__id__": 98
    },
    "rotationOvertimeModule": {
      "__id__": 115
    },
    "textureAnimationModule": {
      "__id__": 128
    },
    "trailModule": {
      "__id__": 137
    },
    "_renderMode": 0,
    "_velocityScale": 1,
    "_lengthScale": 1,
    "_mesh": null,
    "_id": ""
  },
  {
    "__type__": "cc.CurveRange",
    "mode": 0,
    "curve": {
      "__id__": 4
    },
    "curveMin": {
      "__id__": 7
    },
    "curveMax": {
      "__id__": 8
    },
    "constant": 0,
    "constantMin": 0,
    "constantMax": 0,
    "multiplier": 1
  },
  {
    "__type__": "cc.AnimationCurve",
    "keyFrames": [
      {
        "__id__": 5
      },
      {
        "__id__": 6
      }
    ],
    "preWrapMode": 2,
    "postWrapMode": 2
  },
  {
    "__type__": "cc.Keyframe",
    "time": 0,
    "value": 1,
    "inTangent": 0,
    "outTangent": 0
  },
  {
    "__type__": "cc.Keyframe",
    "time": 1,
    "value": 1,
    "inTangent": 0,
    "outTangent": 0
  },
  {
    "__type__": "cc.AnimationCurve",
    "keyFrames": [
      {
        "__id__": 5
      },
      {
        "__id__": 6
      }
    ],
    "preWrapMode": 2,
    "postWrapMode": 2
  },
  {
    "__type__": "cc.AnimationCurve",
    "keyFrames": [
      {
        "__id__": 5
      },
      {
        "__id__": 6
      }
    ],
    "preWrapMode": 2,
    "postWrapMode": 2
  },
  {
    "__type__": "cc.CurveRange",
    "mode": 0,
    "curve": {
      "__id__": 10
    },
    "curveMin": {
      "__id__": 11
    },
    "curveMax": {
      "__id__": 12
    },
    "constant": 5,
    "constantMin": 0,
    "constantMax": 0,
    "multiplier": 1
  },
  {
    "__type__": "cc.AnimationCurve",
    "keyFrames": [
      {
        "__id__": 5
      },
      {
        "__id__": 6
      }
    ],
    "preWrapMode": 2,
    "postWrapMode": 2
  },
  {
    "__type__": "cc.AnimationCurve",
    "keyFrames": [
      {
        "__id__": 5
      },
      {
        "__id__": 6
      }
    ],
    "preWrapMode": 2,
    "postWrapMode": 2
  },
  {
    "__type__": "cc.AnimationCurve",
    "keyFrames": [
      {
        "__id__": 5
      },
      {
        "__id__": 6
      }
    ],
    "preWrapMode": 2,
    "postWrapMode": 2
  },
  {
    "__type__": "cc.GradientRange",
    "_mode": 0,
    "_color": {
      "__type__": "cc.Color",
      "r": 255,
      "g": 255,
      "b": 255,
      "a": 255
    },
    "color": {
      "__type__": "cc.Color",
      "r": 255,
      "g": 255,
      "b": 255,
      "a": 255
    },
    "colorMin": {
      "__type__": "cc.Color",
      "r": 255,
      "g": 255,
      "b": 255,
      "a": 255
    },
    "colorMax": {
      "__type__": "cc.Color",
      "r": 255,
      "g": 255,
      "b": 255,
      "a": 255
    },
    "gradient": {
      "__id__": 14
    },
    "gradientMin": {
      "__id__": 15
    },
    "gradientMax": {
      "__id__": 16
    }
  },
  {
    "__type__": "cc.Gradient",
    "colorKeys": [],
    "alphaKeys": [],
    "mode": 0
  },
  {
    "__type__": "cc.Gradient",
    "colorKeys": [],
    "alphaKeys": [],
    "mode": 0
  },
  {
    "__type__": "cc.Gradient",
    "colorKeys": [],
    "alphaKeys": [],
    "mode": 0
  },
  {
    "__type__": "cc.CurveRange",
    "mode": 0,
    "curve": {
      "__id__": 18
    },
    "curveMin": {
      "__id__": 19
    },
    "curveMax": {
      "__id__": 20
    },
    "constant": 1,
    "constantMin": 0,
    "constantMax": 0,
    "multiplier": 1
  },
  {
    "__type__": "cc.AnimationCurve",
    "keyFrames": [
      {
        "__id__": 5
      },
      {
        "__id__": 6
      }
    ],
    "preWrapMode": 2,
    "postWrapMode": 2
  },
  {
    "__type__": "cc.AnimationCurve",
    "keyFrames": [
      {
        "__id__": 5
      },
      {
        "__id__": 6
      }
    ],
    "preWrapMode": 2,
    "postWrapMode": 2
  },
  {
    "__type__": "cc.AnimationCurve",
    "keyFrames": [
      {
        "__id__": 5
      },
      {
        "__id__": 6
      }
    ],
    "preWrapMode": 2,
    "postWrapMode": 2
  },
  {
    "__type__": "cc.CurveRange",
    "mode": 0,
    "curve": {
      "__id__": 22
    },
    "curveMin": {
      "__id__": 23
    },
    "curveMax": {
      "__id__": 24
    },
    "constant": 5,
    "constantMin": 0,
    "constantMax": 0,
    "multiplier": 1
  },
  {
    "__type__": "cc.AnimationCurve",
    "keyFrames": [
      {
        "__id__": 5
      },
      {
        "__id__": 6
      }
    ],
    "preWrapMode": 2,
    "postWrapMode": 2
  },
  {
    "__type__": "cc.AnimationCurve",
    "keyFrames": [
      {
        "__id__": 5
      },
      {
        "__id__": 6
      }
    ],
    "preWrapMode": 2,
    "postWrapMode": 2
  },
  {
    "__type__": "cc.AnimationCurve",
    "keyFrames": [
      {
        "__id__": 5
      },
      {
        "__id__": 6
      }
    ],
    "preWrapMode": 2,
    "postWrapMode": 2
  },
  {
    "__type__": "cc.CurveRange",
    "mode": 0,
    "curve": {
      "__id__": 26
    },
    "curveMin": {
      "__id__": 27
    },
    "curveMax": {
      "__id__": 28
    },
    "constant": 0,
    "constantMin": 0,
    "constantMax": 0,
    "multiplier": 1
  },
  {
    "__type__": "cc.AnimationCurve",
    "keyFrames": [
      {
        "__id__": 5
      },
      {
        "__id__": 6
      }
    ],
    "preWrapMode": 2,
    "postWrapMode": 2
  },
  {
    "__type__": "cc.AnimationCurve",
    "keyFrames": [
      {
        "__id__": 5
      },
      {
        "__id__": 6
      }
    ],
    "preWrapMode": 2,
    "postWrapMode": 2
  },
  {
    "__type__": "cc.AnimationCurve",
    "keyFrames": [
      {
        "__id__": 5
      },
      {
        "__id__": 6
      }
    ],
    "preWrapMode": 2,
    "postWrapMode": 2
  },
  {
    "__type__": "cc.CurveRange",
    "mode": 0,
    "curve": {
      "__id__": 30
    },
    "curveMin": {
      "__id__": 31
    },
    "curveMax": {
      "__id__": 32
    },
    "constant": 0,
    "constantMin": 0,
    "constantMax": 0,
    "multiplier": 1
  },
  {
    "__type__": "cc.AnimationCurve",
    "keyFrames": [
      {
        "__id__": 5
      },
      {
        "__id__": 6
      }
    ],
    "preWrapMode": 2,
    "postWrapMode": 2
  },
  {
    "__type__": "cc.AnimationCurve",
    "keyFrames": [
      {
        "__id__": 5
      },
      {
        "__id__": 6
      }
    ],
    "preWrapMode": 2,
    "postWrapMode": 2
  },
  {
    "__type__": "cc.AnimationCurve",
    "keyFrames": [
      {
        "__id__": 5
      },
      {
        "__id__": 6
      }
    ],
    "preWrapMode": 2,
    "postWrapMode": 2
  },
  {
    "__type__": "cc.CurveRange",
    "mode": 0,
    "curve": {
      "__id__": 34
    },
    "curveMin": {
      "__id__": 35
    },
    "curveMax": {
      "__id__": 36
    },
    "constant": 10,
    "constantMin": 0,
    "constantMax": 0,
    "multiplier": 1
  },
  {
    "__type__": "cc.AnimationCurve",
    "keyFrames": [
      {
        "__id__": 5
      },
      {
        "__id__": 6
      }
    ],
    "preWrapMode": 2,
    "postWrapMode": 2
  },
  {
    "__type__": "cc.AnimationCurve",
    "keyFrames": [
      {
        "__id__": 5
      },
      {
        "__id__": 6
      }
    ],
    "preWrapMode": 2,
    "postWrapMode": 2
  },
  {
    "__type__": "cc.AnimationCurve",
    "keyFrames": [
      {
        "__id__": 5
      },
      {
        "__id__": 6
      }
    ],
    "preWrapMode": 2,
    "postWrapMode": 2
  },
  {
    "__type__": "cc.CurveRange",
    "mode": 0,
    "curve": {
      "__id__": 38
    },
    "curveMin": {
      "__id__": 39
    },
    "curveMax": {
      "__id__": 40
    },
    "constant": 0,
    "constantMin": 0,
    "constantMax": 0,
    "multiplier": 1
  },
  {
    "__type__": "cc.AnimationCurve",
    "keyFrames": [
      {
        "__id__": 5
      },
      {
        "__id__": 6
      }
    ],
    "preWrapMode": 2,
    "postWrapMode": 2
  },
  {
    "__type__": "cc.AnimationCurve",
    "keyFrames": [
      {
        "__id__": 5
      },
      {
        "__id__": 6
      }
    ],
    "preWrapMode": 2,
    "postWrapMode": 2
  },
  {
    "__type__": "cc.AnimationCurve",
    "keyFrames": [
      {
        "__id__": 5
      },
      {
        "__id__": 6
      }
    ],
    "preWrapMode": 2,
    "postWrapMode": 2
  },
  {
    "__type__": "cc.ShapeModule",
    "enable": true,
    "_shapeType": 2,
    "emitFrom": 0,
    "radius": 1,
    "radiusThickness": 1,
    "_angle": 0.4363323129985824,
    "_arc": 6.283185307179586,
    "arcMode": 0,
    "arcSpread": 0,
    "arcSpeed": {
      "__id__": 42
    },
    "length": 5,
    "boxThickness": {
      "__type__": "cc.Vec3",
      "x": 0,
      "y": 0,
      "z": 0
    },
    "_position": {
      "__type__": "cc.Vec3",
      "x": 0,
      "y": 0,
      "z": 0
    },
    "_rotation": {
      "__type__": "cc.Vec3",
      "x": 0,
      "y": 0,
      "z": 0
    },
    "_scale": {
      "__type__": "cc.Vec3",
      "x": 1,
      "y": 1,
      "z": 1
    },
    "alignToDirection": false,
    "randomDirectionAmount": 0,
    "sphericalDirectionAmount": 0,
    "randomPositionAmount": 0
  },
  {
    "__type__": "cc.CurveRange",
    "mode": 0,
    "curve": {
      "__id__": 43
    },
    "curveMin": {
      "__id__": 44
    },
    "curveMax": {
      "__id__": 45
    },
    "constant": 0,
    "constantMin": 0,
    "constantMax": 0,
    "multiplier": 1
  },
  {
    "__type__": "cc.AnimationCurve",
    "keyFrames": [
      {
        "__id__": 5
      },
      {
        "__id__": 6
      }
    ],
    "preWrapMode": 2,
    "postWrapMode": 2
  },
  {
    "__type__": "cc.AnimationCurve",
    "keyFrames": [
      {
        "__id__": 5
      },
      {
        "__id__": 6
      }
    ],
    "preWrapMode": 2,
    "postWrapMode": 2
  },
  {
    "__type__": "cc.AnimationCurve",
    "keyFrames": [
      {
        "__id__": 5
      },
      {
        "__id__": 6
      }
    ],
    "preWrapMode": 2,
    "postWrapMode": 2
  },
  {
    "__type__": "cc.ColorOvertimeModule",
    "enable": false,
    "color": {
      "__id__": 47
    }
  },
  {
    "__type__": "cc.GradientRange",
    "_mode": 0,
    "_color": {
      "__type__": "cc.Color",
      "r": 255,
      "g": 255,
      "b": 255,
      "a": 255
    },
    "color": {
      "__type__": "cc.Color",
      "r": 253,
      "g": 7,
      "b": 7,
      "a": 255
    },
    "colorMin": {
      "__type__": "cc.Color",
      "r": 255,
      "g": 255,
      "b": 255,
      "a": 255
    },
    "colorMax": {
      "__type__": "cc.Color",
      "r": 255,
      "g": 255,
      "b": 255,
      "a": 255
    },
    "gradient": {
      "__id__": 48
    },
    "gradientMin": {
      "__id__": 49
    },
    "gradientMax": {
      "__id__": 50
    }
  },
  {
    "__type__": "cc.Gradient",
    "colorKeys": [],
    "alphaKeys": [],
    "mode": 0
  },
  {
    "__type__": "cc.Gradient",
    "colorKeys": [],
    "alphaKeys": [],
    "mode": 0
  },
  {
    "__type__": "cc.Gradient",
    "colorKeys": [],
    "alphaKeys": [],
    "mode": 0
  },
  {
    "__type__": "cc.SizeOvertimeModule",
    "enable": false,
    "separateAxes": false,
    "size": {
      "__id__": 52
    },
    "x": {
      "__id__": 56
    },
    "y": {
      "__id__": 60
    },
    "z": {
      "__id__": 64
    }
  },
  {
    "__type__": "cc.CurveRange",
    "mode": 0,
    "curve": {
      "__id__": 53
    },
    "curveMin": {
      "__id__": 54
    },
    "curveMax": {
      "__id__": 55
    },
    "constant": 0,
    "constantMin": 0,
    "constantMax": 0,
    "multiplier": 1
  },
  {
    "__type__": "cc.AnimationCurve",
    "keyFrames": [
      {
        "__id__": 5
      },
      {
        "__id__": 6
      }
    ],
    "preWrapMode": 2,
    "postWrapMode": 2
  },
  {
    "__type__": "cc.AnimationCurve",
    "keyFrames": [
      {
        "__id__": 5
      },
      {
        "__id__": 6
      }
    ],
    "preWrapMode": 2,
    "postWrapMode": 2
  },
  {
    "__type__": "cc.AnimationCurve",
    "keyFrames": [
      {
        "__id__": 5
      },
      {
        "__id__": 6
      }
    ],
    "preWrapMode": 2,
    "postWrapMode": 2
  },
  {
    "__type__": "cc.CurveRange",
    "mode": 0,
    "curve": {
      "__id__": 57
    },
    "curveMin": {
      "__id__": 58
    },
    "curveMax": {
      "__id__": 59
    },
    "constant": 0,
    "constantMin": 0,
    "constantMax": 0,
    "multiplier": 1
  },
  {
    "__type__": "cc.AnimationCurve",
    "keyFrames": [
      {
        "__id__": 5
      },
      {
        "__id__": 6
      }
    ],
    "preWrapMode": 2,
    "postWrapMode": 2
  },
  {
    "__type__": "cc.AnimationCurve",
    "keyFrames": [
      {
        "__id__": 5
      },
      {
        "__id__": 6
      }
    ],
    "preWrapMode": 2,
    "postWrapMode": 2
  },
  {
    "__type__": "cc.AnimationCurve",
    "keyFrames": [
      {
        "__id__": 5
      },
      {
        "__id__": 6
      }
    ],
    "preWrapMode": 2,
    "postWrapMode": 2
  },
  {
    "__type__": "cc.CurveRange",
    "mode": 0,
    "curve": {
      "__id__": 61
    },
    "curveMin": {
      "__id__": 62
    },
    "curveMax": {
      "__id__": 63
    },
    "constant": 0,
    "constantMin": 0,
    "constantMax": 0,
    "multiplier": 1
  },
  {
    "__type__": "cc.AnimationCurve",
    "keyFrames": [
      {
        "__id__": 5
      },
      {
        "__id__": 6
      }
    ],
    "preWrapMode": 2,
    "postWrapMode": 2
  },
  {
    "__type__": "cc.AnimationCurve",
    "keyFrames": [
      {
        "__id__": 5
      },
      {
        "__id__": 6
      }
    ],
    "preWrapMode": 2,
    "postWrapMode": 2
  },
  {
    "__type__": "cc.AnimationCurve",
    "keyFrames": [
      {
        "__id__": 5
      },
      {
        "__id__": 6
      }
    ],
    "preWrapMode": 2,
    "postWrapMode": 2
  },
  {
    "__type__": "cc.CurveRange",
    "mode": 0,
    "curve": {
      "__id__": 65
    },
    "curveMin": {
      "__id__": 66
    },
    "curveMax": {
      "__id__": 67
    },
    "constant": 0,
    "constantMin": 0,
    "constantMax": 0,
    "multiplier": 1
  },
  {
    "__type__": "cc.AnimationCurve",
    "keyFrames": [
      {
        "__id__": 5
      },
      {
        "__id__": 6
      }
    ],
    "preWrapMode": 2,
    "postWrapMode": 2
  },
  {
    "__type__": "cc.AnimationCurve",
    "keyFrames": [
      {
        "__id__": 5
      },
      {
        "__id__": 6
      }
    ],
    "preWrapMode": 2,
    "postWrapMode": 2
  },
  {
    "__type__": "cc.AnimationCurve",
    "keyFrames": [
      {
        "__id__": 5
      },
      {
        "__id__": 6
      }
    ],
    "preWrapMode": 2,
    "postWrapMode": 2
  },
  {
    "__type__": "cc.VelocityOvertimeModule",
    "enable": false,
    "space": 1,
    "x": {
      "__id__": 69
    },
    "y": {
      "__id__": 73
    },
    "z": {
      "__id__": 77
    },
    "speedModifier": {
      "__id__": 81
    }
  },
  {
    "__type__": "cc.CurveRange",
    "mode": 0,
    "curve": {
      "__id__": 70
    },
    "curveMin": {
      "__id__": 71
    },
    "curveMax": {
      "__id__": 72
    },
    "constant": 0,
    "constantMin": 0,
    "constantMax": 0,
    "multiplier": 1
  },
  {
    "__type__": "cc.AnimationCurve",
    "keyFrames": [
      {
        "__id__": 5
      },
      {
        "__id__": 6
      }
    ],
    "preWrapMode": 2,
    "postWrapMode": 2
  },
  {
    "__type__": "cc.AnimationCurve",
    "keyFrames": [
      {
        "__id__": 5
      },
      {
        "__id__": 6
      }
    ],
    "preWrapMode": 2,
    "postWrapMode": 2
  },
  {
    "__type__": "cc.AnimationCurve",
    "keyFrames": [
      {
        "__id__": 5
      },
      {
        "__id__": 6
      }
    ],
    "preWrapMode": 2,
    "postWrapMode": 2
  },
  {
    "__type__": "cc.CurveRange",
    "mode": 0,
    "curve": {
      "__id__": 74
    },
    "curveMin": {
      "__id__": 75
    },
    "curveMax": {
      "__id__": 76
    },
    "constant": 0,
    "constantMin": 0,
    "constantMax": 0,
    "multiplier": 1
  },
  {
    "__type__": "cc.AnimationCurve",
    "keyFrames": [
      {
        "__id__": 5
      },
      {
        "__id__": 6
      }
    ],
    "preWrapMode": 2,
    "postWrapMode": 2
  },
  {
    "__type__": "cc.AnimationCurve",
    "keyFrames": [
      {
        "__id__": 5
      },
      {
        "__id__": 6
      }
    ],
    "preWrapMode": 2,
    "postWrapMode": 2
  },
  {
    "__type__": "cc.AnimationCurve",
    "keyFrames": [
      {
        "__id__": 5
      },
      {
        "__id__": 6
      }
    ],
    "preWrapMode": 2,
    "postWrapMode": 2
  },
  {
    "__type__": "cc.CurveRange",
    "mode": 0,
    "curve": {
      "__id__": 78
    },
    "curveMin": {
      "__id__": 79
    },
    "curveMax": {
      "__id__": 80
    },
    "constant": 0,
    "constantMin": 0,
    "constantMax": 0,
    "multiplier": 1
  },
  {
    "__type__": "cc.AnimationCurve",
    "keyFrames": [
      {
        "__id__": 5
      },
      {
        "__id__": 6
      }
    ],
    "preWrapMode": 2,
    "postWrapMode": 2
  },
  {
    "__type__": "cc.AnimationCurve",
    "keyFrames": [
      {
        "__id__": 5
      },
      {
        "__id__": 6
      }
    ],
    "preWrapMode": 2,
    "postWrapMode": 2
  },
  {
    "__type__": "cc.AnimationCurve",
    "keyFrames": [
      {
        "__id__": 5
      },
      {
        "__id__": 6
      }
    ],
    "preWrapMode": 2,
    "postWrapMode": 2
  },
  {
    "__type__": "cc.CurveRange",
    "mode": 0,
    "curve": {
      "__id__": 82
    },
    "curveMin": {
      "__id__": 83
    },
    "curveMax": {
      "__id__": 84
    },
    "constant": 1,
    "constantMin": 0,
    "constantMax": 0,
    "multiplier": 1
  },
  {
    "__type__": "cc.AnimationCurve",
    "keyFrames": [
      {
        "__id__": 5
      },
      {
        "__id__": 6
      }
    ],
    "preWrapMode": 2,
    "postWrapMode": 2
  },
  {
    "__type__": "cc.AnimationCurve",
    "keyFrames": [
      {
        "__id__": 5
      },
      {
        "__id__": 6
      }
    ],
    "preWrapMode": 2,
    "postWrapMode": 2
  },
  {
    "__type__": "cc.AnimationCurve",
    "keyFrames": [
      {
        "__id__": 5
      },
      {
        "__id__": 6
      }
    ],
    "preWrapMode": 2,
    "postWrapMode": 2
  },
  {
    "__type__": "cc.ForceOvertimeModule",
    "enable": false,
    "space": 1,
    "x": {
      "__id__": 86
    },
    "y": {
      "__id__": 90
    },
    "z": {
      "__id__": 94
    }
  },
  {
    "__type__": "cc.CurveRange",
    "mode": 0,
    "curve": {
      "__id__": 87
    },
    "curveMin": {
      "__id__": 88
    },
    "curveMax": {
      "__id__": 89
    },
    "constant": 0,
    "constantMin": 0,
    "constantMax": 0,
    "multiplier": 1
  },
  {
    "__type__": "cc.AnimationCurve",
    "keyFrames": [
      {
        "__id__": 5
      },
      {
        "__id__": 6
      }
    ],
    "preWrapMode": 2,
    "postWrapMode": 2
  },
  {
    "__type__": "cc.AnimationCurve",
    "keyFrames": [
      {
        "__id__": 5
      },
      {
        "__id__": 6
      }
    ],
    "preWrapMode": 2,
    "postWrapMode": 2
  },
  {
    "__type__": "cc.AnimationCurve",
    "keyFrames": [
      {
        "__id__": 5
      },
      {
        "__id__": 6
      }
    ],
    "preWrapMode": 2,
    "postWrapMode": 2
  },
  {
    "__type__": "cc.CurveRange",
    "mode": 0,
    "curve": {
      "__id__": 91
    },
    "curveMin": {
      "__id__": 92
    },
    "curveMax": {
      "__id__": 93
    },
    "constant": 0,
    "constantMin": 0,
    "constantMax": 0,
    "multiplier": 1
  },
  {
    "__type__": "cc.AnimationCurve",
    "keyFrames": [
      {
        "__id__": 5
      },
      {
        "__id__": 6
      }
    ],
    "preWrapMode": 2,
    "postWrapMode": 2
  },
  {
    "__type__": "cc.AnimationCurve",
    "keyFrames": [
      {
        "__id__": 5
      },
      {
        "__id__": 6
      }
    ],
    "preWrapMode": 2,
    "postWrapMode": 2
  },
  {
    "__type__": "cc.AnimationCurve",
    "keyFrames": [
      {
        "__id__": 5
      },
      {
        "__id__": 6
      }
    ],
    "preWrapMode": 2,
    "postWrapMode": 2
  },
  {
    "__type__": "cc.CurveRange",
    "mode": 0,
    "curve": {
      "__id__": 95
    },
    "curveMin": {
      "__id__": 96
    },
    "curveMax": {
      "__id__": 97
    },
    "constant": 0,
    "constantMin": 0,
    "constantMax": 0,
    "multiplier": 1
  },
  {
    "__type__": "cc.AnimationCurve",
    "keyFrames": [
      {
        "__id__": 5
      },
      {
        "__id__": 6
      }
    ],
    "preWrapMode": 2,
    "postWrapMode": 2
  },
  {
    "__type__": "cc.AnimationCurve",
    "keyFrames": [
      {
        "__id__": 5
      },
      {
        "__id__": 6
      }
    ],
    "preWrapMode": 2,
    "postWrapMode": 2
  },
  {
    "__type__": "cc.AnimationCurve",
    "keyFrames": [
      {
        "__id__": 5
      },
      {
        "__id__": 6
      }
    ],
    "preWrapMode": 2,
    "postWrapMode": 2
  },
  {
    "__type__": "cc.LimitVelocityOvertimeModule",
    "enable": false,
    "space": 1,
    "separateAxes": false,
    "limit": {
      "__id__": 99
    },
    "limitX": {
      "__id__": 103
    },
    "limitY": {
      "__id__": 107
    },
    "limitZ": {
      "__id__": 111
    },
    "dampen": 3
  },
  {
    "__type__": "cc.CurveRange",
    "mode": 0,
    "curve": {
      "__id__": 100
    },
    "curveMin": {
      "__id__": 101
    },
    "curveMax": {
      "__id__": 102
    },
    "constant": 0,
    "constantMin": 0,
    "constantMax": 0,
    "multiplier": 1
  },
  {
    "__type__": "cc.AnimationCurve",
    "keyFrames": [
      {
        "__id__": 5
      },
      {
        "__id__": 6
      }
    ],
    "preWrapMode": 2,
    "postWrapMode": 2
  },
  {
    "__type__": "cc.AnimationCurve",
    "keyFrames": [
      {
        "__id__": 5
      },
      {
        "__id__": 6
      }
    ],
    "preWrapMode": 2,
    "postWrapMode": 2
  },
  {
    "__type__": "cc.AnimationCurve",
    "keyFrames": [
      {
        "__id__": 5
      },
      {
        "__id__": 6
      }
    ],
    "preWrapMode": 2,
    "postWrapMode": 2
  },
  {
    "__type__": "cc.CurveRange",
    "mode": 0,
    "curve": {
      "__id__": 104
    },
    "curveMin": {
      "__id__": 105
    },
    "curveMax": {
      "__id__": 106
    },
    "constant": 0,
    "constantMin": 0,
    "constantMax": 0,
    "multiplier": 1
  },
  {
    "__type__": "cc.AnimationCurve",
    "keyFrames": [
      {
        "__id__": 5
      },
      {
        "__id__": 6
      }
    ],
    "preWrapMode": 2,
    "postWrapMode": 2
  },
  {
    "__type__": "cc.AnimationCurve",
    "keyFrames": [
      {
        "__id__": 5
      },
      {
        "__id__": 6
      }
    ],
    "preWrapMode": 2,
    "postWrapMode": 2
  },
  {
    "__type__": "cc.AnimationCurve",
    "keyFrames": [
      {
        "__id__": 5
      },
      {
        "__id__": 6
      }
    ],
    "preWrapMode": 2,
    "postWrapMode": 2
  },
  {
    "__type__": "cc.CurveRange",
    "mode": 0,
    "curve": {
      "__id__": 108
    },
    "curveMin": {
      "__id__": 109
    },
    "curveMax": {
      "__id__": 110
    },
    "constant": 0,
    "constantMin": 0,
    "constantMax": 0,
    "multiplier": 1
  },
  {
    "__type__": "cc.AnimationCurve",
    "keyFrames": [
      {
        "__id__": 5
      },
      {
        "__id__": 6
      }
    ],
    "preWrapMode": 2,
    "postWrapMode": 2
  },
  {
    "__type__": "cc.AnimationCurve",
    "keyFrames": [
      {
        "__id__": 5
      },
      {
        "__id__": 6
      }
    ],
    "preWrapMode": 2,
    "postWrapMode": 2
  },
  {
    "__type__": "cc.AnimationCurve",
    "keyFrames": [
      {
        "__id__": 5
      },
      {
        "__id__": 6
      }
    ],
    "preWrapMode": 2,
    "postWrapMode": 2
  },
  {
    "__type__": "cc.CurveRange",
    "mode": 0,
    "curve": {
      "__id__": 112
    },
    "curveMin": {
      "__id__": 113
    },
    "curveMax": {
      "__id__": 114
    },
    "constant": 0,
    "constantMin": 0,
    "constantMax": 0,
    "multiplier": 1
  },
  {
    "__type__": "cc.AnimationCurve",
    "keyFrames": [
      {
        "__id__": 5
      },
      {
        "__id__": 6
      }
    ],
    "preWrapMode": 2,
    "postWrapMode": 2
  },
  {
    "__type__": "cc.AnimationCurve",
    "keyFrames": [
      {
        "__id__": 5
      },
      {
        "__id__": 6
      }
    ],
    "preWrapMode": 2,
    "postWrapMode": 2
  },
  {
    "__type__": "cc.AnimationCurve",
    "keyFrames": [
      {
        "__id__": 5
      },
      {
        "__id__": 6
      }
    ],
    "preWrapMode": 2,
    "postWrapMode": 2
  },
  {
    "__type__": "cc.RotationOvertimeModule",
    "enable": false,
    "_separateAxes": false,
    "x": {
      "__id__": 116
    },
    "y": {
      "__id__": 120
    },
    "z": {
      "__id__": 124
    }
  },
  {
    "__type__": "cc.CurveRange",
    "mode": 0,
    "curve": {
      "__id__": 117
    },
    "curveMin": {
      "__id__": 118
    },
    "curveMax": {
      "__id__": 119
    },
    "constant": 0,
    "constantMin": 0,
    "constantMax": 0,
    "multiplier": 1
  },
  {
    "__type__": "cc.AnimationCurve",
    "keyFrames": [
      {
        "__id__": 5
      },
      {
        "__id__": 6
      }
    ],
    "preWrapMode": 2,
    "postWrapMode": 2
  },
  {
    "__type__": "cc.AnimationCurve",
    "keyFrames": [
      {
        "__id__": 5
      },
      {
        "__id__": 6
      }
    ],
    "preWrapMode": 2,
    "postWrapMode": 2
  },
  {
    "__type__": "cc.AnimationCurve",
    "keyFrames": [
      {
        "__id__": 5
      },
      {
        "__id__": 6
      }
    ],
    "preWrapMode": 2,
    "postWrapMode": 2
  },
  {
    "__type__": "cc.CurveRange",
    "mode": 0,
    "curve": {
      "__id__": 121
    },
    "curveMin": {
      "__id__": 122
    },
    "curveMax": {
      "__id__": 123
    },
    "constant": 0,
    "constantMin": 0,
    "constantMax": 0,
    "multiplier": 1
  },
  {
    "__type__": "cc.AnimationCurve",
    "keyFrames": [
      {
        "__id__": 5
      },
      {
        "__id__": 6
      }
    ],
    "preWrapMode": 2,
    "postWrapMode": 2
  },
  {
    "__type__": "cc.AnimationCurve",
    "keyFrames": [
      {
        "__id__": 5
      },
      {
        "__id__": 6
      }
    ],
    "preWrapMode": 2,
    "postWrapMode": 2
  },
  {
    "__type__": "cc.AnimationCurve",
    "keyFrames": [
      {
        "__id__": 5
      },
      {
        "__id__": 6
      }
    ],
    "preWrapMode": 2,
    "postWrapMode": 2
  },
  {
    "__type__": "cc.CurveRange",
    "mode": 0,
    "curve": {
      "__id__": 125
    },
    "curveMin": {
      "__id__": 126
    },
    "curveMax": {
      "__id__": 127
    },
    "constant": 0,
    "constantMin": 0,
    "constantMax": 0,
    "multiplier": 1
  },
  {
    "__type__": "cc.AnimationCurve",
    "keyFrames": [
      {
        "__id__": 5
      },
      {
        "__id__": 6
      }
    ],
    "preWrapMode": 2,
    "postWrapMode": 2
  },
  {
    "__type__": "cc.AnimationCurve",
    "keyFrames": [
      {
        "__id__": 5
      },
      {
        "__id__": 6
      }
    ],
    "preWrapMode": 2,
    "postWrapMode": 2
  },
  {
    "__type__": "cc.AnimationCurve",
    "keyFrames": [
      {
        "__id__": 5
      },
      {
        "__id__": 6
      }
    ],
    "preWrapMode": 2,
    "postWrapMode": 2
  },
  {
    "__type__": "cc.TextureAnimationModule",
    "_enable": false,
    "_mode": 0,
    "numTilesX": 0,
    "numTilesY": 0,
    "animation": 0,
    "randomRow": false,
    "rowIndex": 0,
    "frameOverTime": {
      "__id__": 129
    },
    "startFrame": {
      "__id__": 133
    },
    "cycleCount": 0
  },
  {
    "__type__": "cc.CurveRange",
    "mode": 0,
    "curve": {
      "__id__": 130
    },
    "curveMin": {
      "__id__": 131
    },
    "curveMax": {
      "__id__": 132
    },
    "constant": 0,
    "constantMin": 0,
    "constantMax": 0,
    "multiplier": 1
  },
  {
    "__type__": "cc.AnimationCurve",
    "keyFrames": [
      {
        "__id__": 5
      },
      {
        "__id__": 6
      }
    ],
    "preWrapMode": 2,
    "postWrapMode": 2
  },
  {
    "__type__": "cc.AnimationCurve",
    "keyFrames": [
      {
        "__id__": 5
      },
      {
        "__id__": 6
      }
    ],
    "preWrapMode": 2,
    "postWrapMode": 2
  },
  {
    "__type__": "cc.AnimationCurve",
    "keyFrames": [
      {
        "__id__": 5
      },
      {
        "__id__": 6
      }
    ],
    "preWrapMode": 2,
    "postWrapMode": 2
  },
  {
    "__type__": "cc.CurveRange",
    "mode": 0,
    "curve": {
      "__id__": 134
    },
    "curveMin": {
      "__id__": 135
    },
    "curveMax": {
      "__id__": 136
    },
    "constant": 0,
    "constantMin": 0,
    "constantMax": 0,
    "multiplier": 1
  },
  {
    "__type__": "cc.AnimationCurve",
    "keyFrames": [
      {
        "__id__": 5
      },
      {
        "__id__": 6
      }
    ],
    "preWrapMode": 2,
    "postWrapMode": 2
  },
  {
    "__type__": "cc.AnimationCurve",
    "keyFrames": [
      {
        "__id__": 5
      },
      {
        "__id__": 6
      }
    ],
    "preWrapMode": 2,
    "postWrapMode": 2
  },
  {
    "__type__": "cc.AnimationCurve",
    "keyFrames": [
      {
        "__id__": 5
      },
      {
        "__id__": 6
      }
    ],
    "preWrapMode": 2,
    "postWrapMode": 2
  },
  {
    "__type__": "cc.TrailModule",
    "_enable": false,
    "mode": 0,
    "lifeTime": {
      "__id__": 138
    },
    "_minParticleDistance": 0.1,
    "_space": 0,
    "existWithParticles": true,
    "textureMode": 0,
    "widthFromParticle": true,
    "widthRatio": {
      "__id__": 142
    },
    "colorFromParticle": false,
    "colorOverTrail": {
      "__id__": 146
    },
    "colorOvertime": {
      "__id__": 150
    }
  },
  {
    "__type__": "cc.CurveRange",
    "mode": 0,
    "curve": {
      "__id__": 139
    },
    "curveMin": {
      "__id__": 140
    },
    "curveMax": {
      "__id__": 141
    },
    "constant": 1,
    "constantMin": 0,
    "constantMax": 0,
    "multiplier": 1
  },
  {
    "__type__": "cc.AnimationCurve",
    "keyFrames": [
      {
        "__id__": 5
      },
      {
        "__id__": 6
      }
    ],
    "preWrapMode": 2,
    "postWrapMode": 2
  },
  {
    "__type__": "cc.AnimationCurve",
    "keyFrames": [
      {
        "__id__": 5
      },
      {
        "__id__": 6
      }
    ],
    "preWrapMode": 2,
    "postWrapMode": 2
  },
  {
    "__type__": "cc.AnimationCurve",
    "keyFrames": [
      {
        "__id__": 5
      },
      {
        "__id__": 6
      }
    ],
    "preWrapMode": 2,
    "postWrapMode": 2
  },
  {
    "__type__": "cc.CurveRange",
    "mode": 0,
    "curve": {
      "__id__": 143
    },
    "curveMin": {
      "__id__": 144
    },
    "curveMax": {
      "__id__": 145
    },
    "constant": 0,
    "constantMin": 0,
    "constantMax": 0,
    "multiplier": 1
  },
  {
    "__type__": "cc.AnimationCurve",
    "keyFrames": [
      {
        "__id__": 5
      },
      {
        "__id__": 6
      }
    ],
    "preWrapMode": 2,
    "postWrapMode": 2
  },
  {
    "__type__": "cc.AnimationCurve",
    "keyFrames": [
      {
        "__id__": 5
      },
      {
        "__id__": 6
      }
    ],
    "preWrapMode": 2,
    "postWrapMode": 2
  },
  {
    "__type__": "cc.AnimationCurve",
    "keyFrames": [
      {
        "__id__": 5
      },
      {
        "__id__": 6
      }
    ],
    "preWrapMode": 2,
    "postWrapMode": 2
  },
  {
    "__type__": "cc.GradientRange",
    "_mode": 0,
    "_color": {
      "__type__": "cc.Color",
      "r": 255,
      "g": 255,
      "b": 255,
      "a": 255
    },
    "color": {
      "__type__": "cc.Color",
      "r": 255,
      "g": 255,
      "b": 255,
      "a": 255
    },
    "colorMin": {
      "__type__": "cc.Color",
      "r": 255,
      "g": 255,
      "b": 255,
      "a": 255
    },
    "colorMax": {
      "__type__": "cc.Color",
      "r": 255,
      "g": 255,
      "b": 255,
      "a": 255
    },
    "gradient": {
      "__id__": 147
    },
    "gradientMin": {
      "__id__": 148
    },
    "gradientMax": {
      "__id__": 149
    }
  },
  {
    "__type__": "cc.Gradient",
    "colorKeys": [],
    "alphaKeys": [],
    "mode": 0
  },
  {
    "__type__": "cc.Gradient",
    "colorKeys": [],
    "alphaKeys": [],
    "mode": 0
  },
  {
    "__type__": "cc.Gradient",
    "colorKeys": [],
    "alphaKeys": [],
    "mode": 0
  },
  {
    "__type__": "cc.GradientRange",
    "_mode": 0,
    "_color": {
      "__type__": "cc.Color",
      "r": 255,
      "g": 255,
      "b": 255,
      "a": 255
    },
    "color": {
      "__type__": "cc.Color",
      "r": 255,
      "g": 255,
      "b": 255,
      "a": 255
    },
    "colorMin": {
      "__type__": "cc.Color",
      "r": 255,
      "g": 255,
      "b": 255,
      "a": 255
    },
    "colorMax": {
      "__type__": "cc.Color",
      "r": 255,
      "g": 255,
      "b": 255,
      "a": 255
    },
    "gradient": {
      "__id__": 151
    },
    "gradientMin": {
      "__id__": 152
    },
    "gradientMax": {
      "__id__": 153
    }
  },
  {
    "__type__": "cc.Gradient",
    "colorKeys": [],
    "alphaKeys": [],
    "mode": 0
  },
  {
    "__type__": "cc.Gradient",
    "colorKeys": [],
    "alphaKeys": [],
    "mode": 0
  },
  {
    "__type__": "cc.Gradient",
    "colorKeys": [],
    "alphaKeys": [],
    "mode": 0
  },
  {
    "__type__": "cc.PrefabInfo",
    "root": {
      "__id__": 1
    },
    "asset": {
      "__uuid__": "70bbeb73-6dc2-4ee4-8faf-76b3a0e34ec4"
    },
    "fileId": "a7grHQWGBCppuqJqizdE84",
    "sync": false
  }
]